,City,Lat,Lng,Max Temp,Humidity,Cloudiness,Wind Speed,Country,Date
0,albany,42.6,-73.97,66.0,75,100,0.56,US,1603219095
1,kapaa,22.08,-159.32,77.0,88,75,10.29,US,1603218976
2,gillette,44.29,-105.5,41.0,80,90,16.11,US,1603218921
3,castro,-24.79,-50.01,79.97,48,16,1.7,BR,1603219096
4,inirida,3.87,-67.92,91.69,53,100,2.04,CO,1603219096
5,east london,65.0,-15.0,33.8,86,75,3.36,IS,1603219096
6,busselton,-33.65,115.33,55.99,63,73,8.03,AU,1603218468
7,new norfolk,6.65,-10.59,75.58,92,100,4.32,LR,1603219023
8,batavia,41.85,-88.31,50.0,76,90,10.29,US,1603219097
9,lapua,62.97,23.01,30.99,97,100,1.99,FI,1603219097
10,victoria,22.29,114.16,73.99,68,82,1.99,HK,1603219097
11,jamestown,42.1,-79.24,50.0,100,90,6.93,US,1603219095
12,punta arenas,8.99,125.34,77.13,90,100,3.62,PH,1603219098
13,valparaiso,-33.04,-71.63,75.2,29,0,13.87,CL,1603219098
14,vaini,-21.2,-175.2,69.8,77,40,6.93,TO,1603219098
15,vilnius,54.69,25.28,42.01,93,96,8.05,LT,1603218939
16,sirur,18.83,74.38,77.95,74,78,5.73,IN,1603219099
17,rikitea,-23.12,-134.97,73.33,79,0,14.65,PF,1603218721
18,lakes entrance,61.61,-149.31,26.6,79,90,4.7,US,1603219099
19,hermanus,-34.42,19.23,57.0,73,0,4.0,ZA,1603218988
20,buraydah,26.33,43.98,71.6,28,0,5.97,SA,1603218506
21,ushuaia,-54.8,-68.3,44.6,56,40,19.46,AR,1603218435
22,hobart,-42.88,147.33,53.6,81,90,1.95,AU,1603218540
23,marshall,34.38,-86.33,79.0,60,40,4.7,US,1603219100
24,bengkulu,-3.8,102.27,77.05,80,100,3.49,ID,1603219100
25,waipawa,-41.41,175.52,51.8,87,100,8.05,NZ,1603218544
26,sandwick,60.0,-1.25,48.2,87,75,28.86,GB,1603219101
27,dunda,-8.12,34.25,76.73,46,92,6.8,TZ,1603219101
28,jaciara,-15.97,-54.97,89.31,46,98,5.99,BR,1603218781
29,aasiaat,68.71,-52.87,36.57,90,100,11.16,GL,1603219101
30,atuona,-9.8,-139.03,77.47,75,0,19.04,PF,1603219102
31,biu,10.61,12.19,77.76,31,1,2.28,NG,1603219102
32,bluff,-46.6,168.33,42.01,92,83,3.0,NZ,1603218616
33,ribeira grande,42.75,-8.44,61.0,93,40,3.36,ES,1603219102
34,aguililla,18.73,-102.73,80.58,70,100,3.02,MX,1603219102
35,severo-kurilsk,50.68,156.12,40.17,71,47,24.85,RU,1603218509
36,tuktoyaktuk,69.45,-133.04,23.0,85,90,16.11,CA,1603218965
37,hilo,19.73,-155.09,78.01,60,1,6.93,US,1603218851
38,butaritari,3.07,172.79,81.73,76,100,12.15,KI,1603219103
39,shenzhen,22.55,114.07,73.0,73,87,10.94,CN,1603219103
40,tasiilaq,65.61,-37.64,32.0,93,75,19.46,GL,1603218505
41,hambantota,6.12,81.12,79.61,82,0,17.16,LK,1603218528
42,muromtsevo,56.37,75.24,45.61,77,100,9.04,RU,1603219104
43,prince rupert,52.97,-108.38,24.8,85,90,10.29,CA,1603219104
44,preobrazheniye,42.9,133.91,50.72,80,35,1.86,RU,1603219105
45,barrow,71.29,-156.79,24.8,92,75,6.93,US,1603218919
46,mataura,-46.19,168.86,42.01,92,73,3.0,NZ,1603219105
47,puerto carreno,36.59,-6.23,68.0,88,75,20.8,ES,1603219105
48,muli,2.92,73.57,81.84,80,100,12.01,MV,1603219105
49,saint-philippe,-21.36,55.77,72.0,78,33,4.7,RE,1603219106
50,puerto ayora,36.59,-6.23,68.0,88,75,20.8,ES,1603219106
51,yar-sale,66.83,70.83,24.69,99,100,2.68,RU,1603218807
52,hasaki,35.73,140.83,54.0,87,20,8.05,JP,1603219106
53,thohoyandou,-22.95,30.48,78.69,18,0,3.8,ZA,1603219107
54,stolin,51.89,26.85,42.28,83,100,5.75,BY,1603219107
55,kudahuvadhoo,2.67,72.89,82.26,79,100,12.97,MV,1603219107
56,miyang,24.4,103.44,52.02,85,100,4.23,CN,1603218881
57,hithadhoo,-0.6,73.08,82.85,78,99,13.06,MV,1603218941
58,kavieng,-2.57,150.8,81.48,79,80,11.12,PG,1603218526
59,kenai,60.55,-151.26,24.8,85,1,3.65,US,1603218232
60,thurso,58.59,-3.53,51.8,93,100,5.82,GB,1603219108
61,bandarbeyla,9.49,50.81,79.65,72,0,3.67,SO,1603218542
62,grand-lahou,5.14,-5.02,78.62,81,54,10.07,CI,1603218555
63,kaitangata,-46.28,169.85,48.0,85,100,1.99,NZ,1603219109
64,soyo,-6.13,12.37,77.58,79,50,6.71,AO,1603219109
65,tuensang,26.28,94.83,66.16,84,26,3.74,IN,1603219109
66,fairbanks,64.84,-147.72,15.8,85,90,2.24,US,1603218462
67,cape town,-36.41,-71.9,73.4,38,0,12.75,CL,1603219110
68,yellowknife,62.46,-114.35,27.0,73,75,3.36,CA,1603219010
69,port hardy,-7.03,29.76,78.4,61,100,7.54,CD,1603219110
70,klaksvik,62.23,-6.59,37.4,86,65,2.24,FO,1603219110
71,sao filipe,20.51,76.21,74.55,82,5,3.27,IN,1603218913
72,yamada,39.47,141.95,50.41,69,0,4.38,JP,1603219111
73,lake elsinore,42.33,-88.0,48.0,75,90,10.29,US,1603219111
74,zeya,53.75,127.27,35.58,88,100,6.78,RU,1603219112
75,mahebourg,-20.41,57.7,75.2,73,20,10.29,MU,1603218518
76,cockburn town,-32.08,141.0,62.6,39,31,6.29,AU,1603219112
77,borda da mata,21.45,79.27,77.0,78,40,3.87,IN,1603219112
78,torbay,47.67,-52.73,61.0,67,75,13.87,CA,1603218538
79,arraial do cabo,-22.84,-46.65,73.4,78,40,8.05,BR,1603219113
80,airai,-8.93,125.41,60.75,75,100,1.54,TL,1603218526
81,souillac,-20.52,57.52,75.2,73,20,10.29,MU,1603219113
82,sao miguel do araguaia,20.51,76.21,74.55,82,5,3.27,IN,1603218913
83,tromso,69.65,18.96,24.8,92,0,8.05,NO,1603219114
84,san andres del rabanedo,13.3,-4.9,89.28,24,0,3.04,ML,1603219114
85,samarai,-10.62,150.67,78.75,85,65,8.75,PG,1603218540
86,nabire,-3.37,135.48,76.01,89,100,5.03,ID,1603219114
87,port elizabeth,-7.03,29.76,78.4,61,100,7.54,CD,1603219115
88,cherskiy,68.75,161.3,19.06,96,67,5.44,RU,1603218517
89,nargana,9.44,-78.59,83.89,72,90,9.84,PA,1603219115
90,tessalit,20.2,1.01,91.58,11,0,8.32,ML,1603218558
91,mercedes,-34.65,-59.43,62.01,57,100,8.99,AR,1603219116
92,sabang,5.89,95.32,82.54,77,100,14.9,ID,1603219116
93,thompson,55.74,-97.86,30.2,63,90,3.36,CA,1603218851
94,killybegs,54.63,-8.45,55.4,100,75,4.7,IE,1603219116
95,taltal,-25.4,-70.48,66.51,59,22,7.14,CL,1603219117
96,murgab,37.5,61.97,59.0,44,0,4.88,TM,1603219117
97,kumluca,36.37,30.29,71.67,57,100,4.05,TR,1603219117
98,gulu,2.77,32.3,65.71,98,100,5.14,UG,1603219117
99,inta,66.03,60.17,21.63,97,96,3.18,RU,1603219118
100,shibetsu,43.66,145.13,44.01,76,1,3.56,JP,1603219118
101,khatanga,71.97,102.5,6.96,95,83,8.01,RU,1603219118
102,honiara,-9.43,159.95,71.6,100,40,8.12,SB,1603218845
103,zhigansk,66.77,123.37,14.4,96,100,7.54,RU,1603219119
104,laguna,38.42,-121.42,79.0,29,5,3.36,US,1603218425
105,norman wells,35.22,-97.44,62.01,87,90,8.05,US,1603219119
106,port alfred,-7.03,29.76,78.4,61,100,7.54,CD,1603219119
107,humble,30.0,-95.26,86.0,62,40,9.17,US,1603218960
108,chuy,-33.7,-53.46,55.24,82,100,15.64,UY,1603219120
109,mehamn,71.04,27.85,35.87,81,98,7.56,NO,1603218483
110,guerrero negro,17.67,-100.0,78.96,63,99,3.4,MX,1603219120
111,porto novo,41.15,-8.61,59.0,100,75,9.78,PT,1603219088
112,aba,5.11,7.37,78.8,88,40,5.41,NG,1603219121
113,tautira,-17.73,-149.15,82.4,65,20,13.87,PF,1603218761
114,cabo san lucas,-8.28,-35.03,84.2,62,40,11.41,BR,1603219121
115,hervey bay,33.5,-93.78,82.4,58,1,12.75,US,1603219122
116,hindoria,23.9,79.57,74.59,32,0,2.84,IN,1603219122
117,saldanha,-33.01,17.94,59.0,67,0,12.75,ZA,1603219122
118,saskylakh,71.92,114.08,20.7,97,98,7.27,RU,1603219122
119,aktau,43.65,51.2,51.8,76,100,11.18,KZ,1603219123
120,kumta,14.42,74.4,78.01,86,100,3.74,IN,1603219123
121,pangnirtung,66.15,-65.71,30.2,68,90,6.93,CA,1603219123
122,qaanaaq,77.48,-69.36,21.38,84,0,6.96,GL,1603219123
123,boa vista,4.43,8.97,77.34,86,99,3.51,CM,1603219123
124,dikson,73.51,80.55,21.45,96,100,5.37,RU,1603219011
125,lewisburg,35.45,-86.79,77.0,60,90,9.17,US,1603219124
126,youghal,51.95,-7.85,55.99,93,40,17.22,IE,1603219124
127,dunmore town,41.42,-75.63,69.8,64,75,6.93,US,1603219124
128,marrakesh,31.63,-8.01,82.4,30,75,18.34,MA,1603218759
129,pisco,-13.7,-76.22,66.2,77,40,10.29,PE,1603218549
130,domoni,-12.26,44.53,78.21,74,0,2.66,KM,1603219125
131,provideniya,64.38,-173.3,39.2,95,90,11.1,RU,1603218527
132,bethel,41.37,-73.41,66.99,82,90,4.7,US,1603219126
133,vardo,70.37,31.11,37.4,74,40,8.05,NO,1603219126
134,karasjok,69.47,25.51,32.0,95,75,9.17,NO,1603219126
135,lasa,46.62,10.7,48.99,86,40,4.7,IT,1603218545
136,shihezi,44.3,86.03,46.62,47,0,2.44,CN,1603219126
137,pokhara,28.23,83.98,66.45,71,46,3.2,NP,1603219127
138,aleksandrov gay,56.4,38.71,33.21,92,84,10.85,RU,1603219127
139,lac du bonnet,41.64,19.71,51.8,87,0,2.24,AL,1603219127
140,santo amaro,-0.59,-80.0,86.07,50,96,5.37,EC,1603219127
141,bredasdorp,-34.53,20.04,55.4,71,0,4.7,ZA,1603218952
142,vadso,70.07,29.75,33.8,74,75,3.36,NO,1603219128
143,shingu,33.73,135.98,58.66,77,44,7.4,JP,1603219128
144,yerbogachen,61.28,108.01,21.11,97,98,7.27,RU,1603218742
145,obihiro,42.92,143.2,38.44,82,0,2.26,JP,1603218890
146,oussouye,12.48,-16.55,91.4,74,20,4.7,SN,1603218534
147,luderitz,-26.65,15.16,69.1,37,0,28.48,NA,1603219129
148,eregli,37.51,34.05,59.11,51,100,1.3,TR,1603219129
149,kununurra,-15.77,128.73,78.8,88,0,2.73,AU,1603218608
150,upernavik,72.79,-56.15,33.28,86,100,6.85,GL,1603219098
151,vao,-22.67,167.48,72.41,81,16,18.48,NC,1603218560
152,sao jose de ribamar,20.51,76.21,74.55,82,5,3.27,IN,1603218913
153,funadhoo,6.15,73.27,81.81,80,18,11.77,MV,1603219131
154,kaka,37.35,59.61,60.12,27,0,5.88,TM,1603219131
155,talnakh,69.49,88.4,6.8,84,75,4.47,RU,1603218731
156,georgetown,5.41,100.34,82.4,94,20,3.36,MY,1603219131
157,vila franca do campo,42.03,-8.16,55.0,94,100,3.0,PT,1603219132
158,varhaug,58.61,5.65,48.0,99,84,8.01,NO,1603219132
159,dzialdowo,53.24,20.17,44.6,87,100,8.05,PL,1603219132
160,bartica,6.4,-58.62,78.8,88,40,4.7,GY,1603219133
161,berlevag,70.86,29.09,30.2,100,75,2.24,NO,1603219133
162,katsuura,35.13,140.3,60.8,77,20,13.87,JP,1603219133
163,hailar,49.2,119.7,36.52,81,100,10.09,CN,1603219133
164,eureka,40.8,-124.16,63.0,87,1,11.3,US,1603219093
165,sarangani,5.4,125.46,82.87,76,100,10.02,PH,1603219134
166,fallon,39.47,-118.78,70.0,21,0,1.01,US,1603219134
167,dingle,11.0,122.67,76.17,90,100,7.94,PH,1603219134
168,yumen,40.28,97.2,46.58,44,0,9.55,CN,1603218548
169,arroyo,41.61,-4.8,63.0,77,20,25.28,ES,1603219135
170,kruisfontein,-34.0,24.73,57.99,82,0,3.0,ZA,1603219135
171,wuchang,44.91,127.15,53.49,64,100,14.29,CN,1603219135
172,harper,4.38,-7.72,77.94,81,90,7.27,LR,1603218908
173,lavrentiya,65.58,-171.0,36.86,91,100,13.22,RU,1603219136
174,avarua,-21.21,-159.78,75.2,94,36,1.12,CK,1603219045
175,panguna,-6.32,155.48,68.25,97,90,1.21,PG,1603218870
176,necochea,-38.55,-58.74,57.0,79,90,8.01,AR,1603218752
177,irbeyskoye,55.64,95.45,34.68,93,100,10.58,RU,1603219137
178,wanaka,-44.7,169.15,39.99,83,55,1.01,NZ,1603219137
179,cidreira,-30.18,-50.21,72.03,80,16,9.8,BR,1603219050
180,nanortalik,60.14,-45.24,37.69,86,100,4.76,GL,1603219137
181,nampula,-15.12,39.27,76.03,64,0,8.19,MZ,1603219137
182,iranshahr,27.2,60.68,75.2,5,0,4.7,IR,1603219129
183,kousseri,12.08,15.03,89.6,31,0,4.7,CM,1603219138
184,shubarshi,48.59,57.19,45.72,72,2,18.19,KZ,1603219138
185,chapais,49.78,-74.85,39.2,60,90,6.93,CA,1603219139
186,tibati,6.47,12.63,70.2,66,4,3.67,CM,1603219114
187,morondava,-20.28,44.28,78.28,68,0,12.93,MG,1603219139
188,beloha,-25.17,45.05,69.24,74,0,4.47,MG,1603219139
189,lagoa,39.05,-27.98,63.61,68,13,27.69,PT,1603219139
190,vallenar,-28.57,-70.76,86.09,17,0,10.65,CL,1603219140
191,sao joao da barra,20.51,76.21,74.55,82,5,3.27,IN,1603218913
192,ishigaki,24.34,124.16,80.73,82,100,23.49,JP,1603219140
193,edremit,39.6,27.02,64.4,68,75,16.11,TR,1603219140
194,constitucion,-35.33,-72.42,62.47,55,0,19.37,CL,1603219141
195,alcoa,35.79,-83.97,73.99,73,75,5.82,US,1603219141
196,flinders,-34.58,150.86,61.0,87,17,1.01,AU,1603218557
197,palu,-0.89,119.87,76.12,82,100,2.68,ID,1603219142
198,nizhniy tsasuchey,45.39,39.24,50.0,87,0,4.47,RU,1603219142
199,karangampel,-6.46,108.45,82.54,73,92,6.17,ID,1603219142
200,bambous virieux,-20.26,57.41,75.2,73,20,10.29,MU,1603219142
201,derbent,42.07,48.29,56.88,71,70,3.65,RU,1603219143
202,katobu,-4.94,122.53,73.81,82,32,3.33,ID,1603219143
203,havoysund,71.0,24.66,30.2,86,40,3.36,NO,1603218546
204,myaundzha,63.05,147.19,2.03,88,0,2.17,RU,1603219143
205,egvekinot,66.32,-179.17,33.94,100,100,7.45,RU,1603218547
206,matagami,49.75,-77.63,33.8,78,90,6.93,CA,1603219144
207,rocha,-34.48,-54.33,51.22,89,100,12.48,UY,1603219144
208,ignacio zaragoza,37.12,-107.63,66.0,17,1,3.36,US,1603219144
209,zonguldak,41.25,31.83,52.12,95,9,2.17,TR,1603219144
210,tacoronte,28.48,-16.41,75.99,93,40,19.46,ES,1603219145
211,santa cruz,17.49,120.43,79.41,83,100,12.44,PH,1603219145
212,christchurch,-43.53,172.63,52.0,93,97,5.82,NZ,1603218401
213,alice springs,27.75,-98.07,89.6,49,1,9.17,US,1603219145
214,esperance,-33.87,121.9,59.0,100,90,11.41,AU,1603218992
215,dakar,14.69,-17.44,93.2,52,100,5.95,SN,1603218905
216,chumikan,54.72,135.31,32.56,87,100,1.61,RU,1603219146
217,zdvinsk,54.7,78.66,43.7,82,81,9.69,RU,1603219146
218,lucapa,-8.42,20.74,72.93,65,41,6.35,AO,1603219147
219,elko,41.0,-115.5,68.0,22,0,11.01,US,1603218562
220,dubbo,-32.25,148.62,59.0,82,90,13.87,AU,1603219147
221,hun,29.13,15.95,69.15,46,1,8.7,LY,1603219147
222,manyana,-23.4,21.72,79.38,16,0,14.05,BW,1603219147
223,karratha,-20.74,116.85,67.05,74,97,11.43,AU,1603219148
224,lubango,-14.92,13.49,67.05,66,0,2.37,AO,1603219148
225,portobelo,9.55,-79.65,84.0,78,40,12.75,PA,1603218908
226,tiksi,71.69,128.87,11.16,93,100,13.62,RU,1603218553
227,finschhafen,-6.6,147.87,78.85,76,75,4.16,PG,1603219148
228,nouadhibou,20.93,-17.03,80.6,54,5,14.99,MR,1603218733
229,faanui,-16.48,-151.75,78.6,83,15,16.13,PF,1603219149
230,leningradskiy,69.38,178.42,33.26,88,100,11.34,RU,1603218964
231,taksimo,56.34,114.88,17.73,83,8,3.91,RU,1603219149
232,pemba,-12.97,40.52,78.21,75,0,6.8,MZ,1603219149
233,gladstone,-23.85,151.25,73.4,73,75,10.29,AU,1603219026
234,kodiak,57.79,-152.41,42.8,56,1,9.17,US,1603219134
235,ancud,-41.87,-73.82,53.6,52,0,10.29,CL,1603219150
236,ilulissat,69.22,-51.1,42.8,56,75,13.87,GL,1603219150
237,vanimo,-2.67,141.3,78.44,81,100,2.64,PG,1603219151
238,makat,47.65,53.35,48.18,58,0,8.39,KZ,1603219151
239,ottawa,45.41,-75.7,50.0,70,40,10.29,CA,1603218943
240,vredendal,-31.67,18.5,59.05,61,0,18.39,ZA,1603219151
241,iqaluit,63.75,-68.51,30.2,80,90,9.17,CA,1603219152
242,koumac,-20.57,164.28,71.1,77,0,3.13,NC,1603219152
243,kalia,23.04,89.63,77.61,88,59,2.53,BD,1603219152
244,jablanica,43.66,17.76,53.6,100,27,1.12,BA,1603218957
245,longyearbyen,78.22,15.64,23.0,79,2,8.05,SJ,1603218896
246,lorengau,-2.02,147.27,81.12,69,100,2.3,PG,1603218847
247,chor,25.52,69.77,86.38,28,0,8.52,PK,1603219153
248,kavaratti,10.57,72.64,81.41,75,100,9.84,IN,1603219153
249,berekua,15.23,-61.32,87.8,66,20,1.12,DM,1603219153
250,siguiri,11.67,-9.5,83.26,49,18,1.9,GN,1603219154
251,mount isa,53.66,-1.85,57.0,84,18,1.99,GB,1603219154
252,akureyri,65.68,-18.09,30.2,80,13,2.24,IS,1603219154
253,alofi,-19.06,-169.92,73.4,88,100,12.75,NU,1603219155
254,tiarei,-17.53,-149.33,82.4,65,20,13.87,PF,1603219155
255,banda aceh,25.48,80.33,78.62,20,72,2.86,IN,1603219155
256,wuwei,37.93,102.64,48.0,38,0,4.76,CN,1603219145
257,bachaquero,9.97,-71.15,85.32,63,100,5.57,VE,1603219155
258,kintampo,8.06,-1.73,75.6,89,2,1.23,GH,1603219156
259,mys shmidta,62.06,48.62,30.54,99,100,4.23,RU,1603219156
260,ponta do sol,38.73,-28.27,66.2,59,40,5.82,PT,1603219156
261,wesselsbron,-27.85,26.37,70.0,20,0,8.63,ZA,1603219156
262,chicama,-7.84,-79.15,66.2,77,40,13.87,PE,1603219156
263,severobaykalsk,55.65,109.32,24.94,86,65,5.19,RU,1603219157
264,gigmoto,13.78,124.39,80.83,81,100,12.39,PH,1603219157
265,nanpiao,41.1,120.75,57.16,69,100,7.74,CN,1603219157
266,saint-pierre,-21.34,55.48,72.0,78,7,4.7,RE,1603218821
267,hofn,64.25,-15.21,37.17,73,0,5.93,IS,1603219158
268,ahipara,-35.17,173.17,58.91,77,100,4.68,NZ,1603219158
269,hay river,52.07,-3.13,57.99,90,100,1.99,GB,1603219158
270,noyabrsk,63.2,75.45,27.99,97,100,7.09,RU,1603219158
271,hami,42.8,93.45,44.49,54,0,1.74,CN,1603219159
272,ust-nera,64.57,143.2,4.82,87,81,4.63,RU,1603219159
273,shitanjing,39.23,106.34,38.68,52,0,6.06,CN,1603219159
274,grand river south east,38.88,-109.5,75.99,16,1,3.36,US,1603219160
275,garowe,8.41,48.48,82.26,48,0,9.82,SO,1603219160
276,weihai,37.5,122.11,62.04,65,100,13.51,CN,1603219160
277,altay,47.87,88.12,36.64,69,0,4.45,CN,1603219160
278,sioux lookout,42.73,-96.23,37.99,93,90,16.11,US,1603219160
279,sao domingos,20.51,76.21,74.55,82,5,3.27,IN,1603218913
280,burns lake,43.59,-119.05,55.4,50,20,8.05,US,1603219161
281,loiza,18.43,-65.88,89.01,70,40,10.29,PR,1603219161
282,gat,31.61,34.76,79.0,100,0,5.28,IL,1603219161
283,debre sina,41.52,20.53,51.8,87,0,2.24,MK,1603219162
284,paracuru,-3.41,-39.03,81.0,71,10,21.0,BR,1603219162
285,saquena,-4.67,-73.52,91.36,52,59,3.53,PE,1603219162
286,aksarka,66.56,67.8,21.18,98,100,4.0,RU,1603219162
287,dwarka,22.24,68.97,84.27,77,0,10.58,IN,1603219163
288,hamilton,39.18,-84.53,53.6,93,90,4.7,US,1603219002
289,doha,25.29,51.53,84.2,58,0,8.05,QA,1603219163
290,denizli,37.84,29.07,59.0,77,75,5.82,TR,1603219163
291,saskatoon,52.12,-106.63,28.0,73,75,9.17,CA,1603218936
292,pevek,69.7,170.31,30.76,95,100,19.86,RU,1603219164
293,rio formoso,38.3,21.78,64.4,55,20,5.82,GR,1603219164
294,geraldton,-28.77,114.6,66.2,72,90,16.11,AU,1603219164
295,husavik,66.04,-17.34,30.2,80,99,2.24,IS,1603218860
296,fortuna,40.6,-124.16,63.0,87,1,8.05,US,1603219165
297,muros,42.78,-9.06,61.0,83,100,9.91,ES,1603219165
298,vaitape,-16.52,-151.75,79.43,81,11,16.11,PF,1603219165
299,kieta,-6.22,155.63,78.85,77,60,2.48,PG,1603218926
300,churapcha,62.0,132.43,13.87,96,100,3.91,RU,1603219166
301,manama,26.22,50.58,84.2,45,0,4.7,BH,1603218972
302,san cristobal,13.3,-4.9,89.28,24,0,3.04,ML,1603219141
303,anadyr,64.75,177.48,41.0,86,75,20.13,RU,1603219167
304,watertown,42.37,-71.18,69.01,77,75,10.29,US,1603219131
305,aragarcas,-15.9,-52.25,88.95,48,66,5.57,BR,1603219168
306,raga,8.46,25.68,73.04,85,42,3.71,SS,1603218775
307,dillon,34.42,-79.37,81.0,69,90,3.36,US,1603219169
308,najran,17.49,44.13,71.6,26,0,4.7,SA,1603219154
309,tahe,52.33,124.73,32.2,96,0,3.44,CN,1603219169
310,shirokiy,49.76,129.52,42.89,76,100,16.46,RU,1603219170
311,fengcheng,40.45,124.07,52.66,86,100,4.61,CN,1603219170
312,komsomolskiy,40.43,71.72,57.2,50,0,4.7,UZ,1603219170
313,huanan,46.22,130.52,49.19,61,100,10.27,CN,1603219170
314,korla,41.76,86.15,54.0,69,0,5.99,CN,1603219170
315,bernburg,51.8,11.73,55.0,87,100,1.99,DE,1603219171
316,windsor,42.3,-83.02,55.0,62,1,10.29,CA,1603219052
317,coquimbo,-29.95,-71.34,60.8,67,0,18.34,CL,1603219171
318,homer,59.64,-151.55,37.99,92,1,5.82,US,1603219171
319,nikolskoye,59.7,30.79,36.0,90,75,2.24,RU,1603219105
320,rosarito,32.33,-117.03,71.6,68,5,3.36,MX,1603219172
321,baghdad,33.34,44.4,78.69,19,0,9.66,IQ,1603218657
322,vilyuysk,63.76,121.62,18.7,98,84,3.8,RU,1603219172
323,hobyo,5.35,48.53,80.22,81,0,17.4,SO,1603218613
324,atar,20.52,-13.05,92.88,20,0,8.14,MR,1603219172
325,dashitou,43.31,128.51,45.54,66,100,5.79,CN,1603219173
326,krasnovishersk,60.41,57.08,32.4,97,89,4.7,RU,1603219173
327,svetlyy,54.67,20.13,46.4,87,100,8.95,RU,1603218820
328,lata,40.16,-8.33,61.0,94,100,9.26,PT,1603219174
329,merauke,-8.47,140.33,78.6,84,100,10.11,ID,1603218834
330,police,53.55,14.57,54.0,94,100,8.97,PL,1603219174
331,san patricio,13.3,-4.9,89.28,24,0,3.04,ML,1603218907
332,sulangan,11.14,123.72,82.92,78,100,16.82,PH,1603219104
333,aswan,24.09,32.91,84.33,20,0,6.73,EG,1603219175
334,logansport,40.75,-86.36,51.8,76,90,10.29,US,1603219175
335,suntar,62.14,117.63,18.16,97,81,4.05,RU,1603219175
336,narsaq,60.92,-46.05,35.6,93,75,2.24,GL,1603219175
337,san quintin,13.3,-4.9,89.28,24,0,3.04,ML,1603218907
338,labrea,-7.26,-64.8,97.74,34,100,6.55,BR,1603219176
339,iquique,-20.22,-70.14,68.0,60,90,10.29,CL,1603219176
340,oistins,13.07,-59.53,87.8,66,75,13.87,BB,1603218821
341,auki,-8.77,160.7,77.81,83,100,5.55,SB,1603219177
342,puerto montt,36.59,-6.23,68.0,88,75,20.8,ES,1603219177
343,bukama,-9.2,25.85,77.76,62,90,8.08,CD,1603219177
344,xichang,27.9,102.26,47.19,79,100,4.85,CN,1603219177
345,mar del plata,43.4,-4.01,68.0,68,40,3.36,ES,1603219145
346,ewa beach,-8.62,122.51,76.12,84,100,1.28,ID,1603219178
347,usinsk,65.99,57.53,24.15,95,93,2.26,RU,1603219178
348,barra do garcas,-11.09,-43.14,92.3,32,72,6.13,BR,1603219178
349,kontagora,10.4,5.47,80.78,50,18,3.76,NG,1603219179
350,olinda,-8.01,-34.86,84.2,62,40,11.41,BR,1603219066
351,avesta,60.15,16.17,39.0,99,100,4.9,SE,1603219179
352,santa rosa,17.49,120.43,79.41,83,100,12.44,PH,1603219145
353,creel,27.75,-107.63,72.7,22,0,8.39,MX,1603219180
354,erdemli,36.6,34.31,73.09,65,0,1.66,TR,1603219180
355,salalah,17.02,54.09,82.4,54,22,5.82,OM,1603219107
356,clyde river,41.3,-82.98,52.0,80,100,11.12,US,1603219181
357,shemysheyka,52.89,45.39,42.01,35,78,9.04,RU,1603219181
358,aklavik,68.22,-135.01,23.0,85,90,14.99,CA,1603219181
359,ishinomaki,38.42,141.3,52.21,75,0,5.82,JP,1603219181
360,carmagnola,44.85,7.72,54.0,100,75,3.78,IT,1603219182
361,sol-iletsk,51.16,54.99,40.14,72,0,7.63,RU,1603219182
362,montepuez,-13.13,39.0,74.41,61,0,8.86,MZ,1603219182
363,marsa matruh,35.88,14.5,66.99,77,20,4.7,MT,1603219183
364,nara,34.69,135.8,55.99,82,0,3.04,JP,1603219183
365,srednekolymsk,67.45,153.68,17.53,97,98,4.47,RU,1603219166
366,porto walter,41.15,-8.61,59.0,100,75,9.78,PT,1603219183
367,kahuta,33.59,73.39,66.99,59,0,6.93,PK,1603219184
368,moose jaw,43.66,-110.72,53.01,49,40,10.29,US,1603219184
369,nago,26.59,127.98,78.8,74,40,13.87,JP,1603219184
370,sirohi,24.88,72.87,82.24,62,50,2.19,IN,1603219184
371,tuatapere,-46.13,167.68,42.01,92,29,3.0,NZ,1603219184
372,bathsheba,13.22,-59.52,87.8,66,75,13.87,BB,1603219185
373,ugoofaaru,5.67,73.0,81.99,80,98,12.3,MV,1603219185
374,fonte boa,45.78,11.87,59.0,93,40,2.48,IT,1603219185
375,praia,14.92,-23.51,87.8,62,100,13.87,CV,1603219185
376,ambon,-3.7,128.18,82.99,88,68,3.94,ID,1603219186
377,arrecife,28.96,-13.55,77.0,69,20,14.99,ES,1603219186
378,chokurdakh,70.63,147.92,13.87,97,91,2.24,RU,1603219186
379,severo-yeniseyskiy,60.37,93.04,24.4,99,97,3.65,RU,1603219187
380,kahului,20.89,-156.47,80.6,57,20,4.7,US,1603219187
381,larap,14.3,122.65,78.17,87,100,11.07,PH,1603219187
382,liverpool,53.41,-2.98,60.8,72,40,19.46,GB,1603218772
383,camacha,33.08,-16.33,69.8,64,40,21.92,PT,1603219129
384,lompoc,34.64,-120.46,60.8,93,90,7.7,US,1603219188
385,mount gambier,53.66,-1.85,57.0,84,18,1.99,GB,1603219188
386,bealanana,-14.55,48.73,63.9,87,94,4.18,MG,1603219188
387,molepolole,-24.41,25.5,87.8,15,33,4.7,BW,1603219188
388,ako,34.75,134.4,52.0,95,0,1.01,JP,1603219189
389,berasia,23.63,77.43,73.4,94,20,4.7,IN,1603219189
390,port pirie,-7.03,29.76,78.4,61,100,7.54,CD,1603219143
391,faya,18.39,42.45,64.4,15,0,10.29,SA,1603219190
392,odienne,9.51,-7.57,77.09,74,0,3.0,CI,1603219190
393,jaranwala,31.33,73.43,69.57,23,0,2.46,PK,1603219190
394,kota belud,25.18,75.83,78.73,25,28,6.4,IN,1603219190
395,russell,32.35,-85.2,82.4,51,40,8.05,US,1603219191
396,okhotsk,59.38,143.3,24.8,81,100,11.07,RU,1603219078
397,baykit,61.67,96.37,23.13,96,97,1.05,RU,1603219191
398,noumea,-22.28,166.46,75.0,82,4,4.5,NC,1603219163
399,kathmandu,27.72,85.32,64.4,93,40,3.36,NP,1603219179
400,filadelfia,39.95,-75.16,73.99,77,75,6.93,US,1603219100
401,vestmannaeyjar,63.44,-20.27,37.4,74,99,8.05,IS,1603219192
402,caningay,9.83,122.64,75.51,91,97,6.96,PH,1603219192
403,guarapari,-20.67,-40.5,78.01,88,90,4.7,BR,1603219192
404,san policarpo,13.3,-4.9,89.28,24,0,3.04,ML,1603219114
405,san pedro,13.3,-4.9,89.28,24,0,3.04,ML,1603219192
406,goderich,43.75,-81.72,52.0,72,100,4.32,CA,1603219193
407,cockburn harbour,-32.08,141.0,62.6,39,31,6.29,AU,1603219086
408,nochistlan,21.37,-102.85,75.2,27,5,2.24,MX,1603219193
409,jati,24.35,68.27,83.61,44,0,9.28,PK,1603219193
410,belize,17.25,-88.75,86.0,55,81,5.39,BZ,1603219193
411,ust-kuyga,70.02,135.6,11.43,95,100,6.64,RU,1603219194
412,deyang,31.13,104.38,63.0,98,100,5.06,CN,1603219194
413,inhambane,-23.86,35.38,74.39,87,0,10.74,MZ,1603218787
414,jaque,7.52,-78.17,80.56,77,51,5.59,PA,1603219194
415,barranca,-10.75,-77.77,67.95,68,16,7.31,PE,1603219195
416,kattivakkam,13.22,80.32,78.8,94,40,4.7,IN,1603219195
417,almeirim,-1.52,-52.58,94.46,39,92,7.85,BR,1603219195
418,havelock,34.88,-76.9,81.0,74,75,8.05,US,1603219196
419,natal,-5.79,-35.21,86.0,58,40,14.99,BR,1603218928
420,port lincoln,-7.03,29.76,78.4,61,100,7.54,CD,1603219115
421,fishers,39.96,-86.01,55.0,100,90,9.17,US,1603219038
422,olden,61.84,6.81,37.4,100,75,13.87,NO,1603219197
423,awbari,26.59,12.78,73.99,40,56,9.55,LY,1603219197
424,dondo,-19.61,34.74,75.81,83,0,9.51,MZ,1603219197
425,kirakira,-10.45,161.92,78.84,79,100,11.39,SB,1603218745
426,batsfjord,70.63,29.72,30.2,100,75,2.24,NO,1603219122
427,avera,33.19,-82.53,78.8,57,40,10.29,US,1603219198
428,kibaya,-5.3,36.57,64.33,76,0,8.79,TZ,1603219198
429,sibolga,1.74,98.78,77.54,81,24,2.95,ID,1603219199
430,codrington,-38.27,141.97,44.62,90,82,3.44,AU,1603219184
431,lokomotivnyy,53.01,60.57,44.71,71,100,13.22,RU,1603219199
432,saint-quentin,49.83,3.33,57.2,93,90,17.22,FR,1603219199
433,paita,-5.09,-81.11,77.0,69,21,14.99,PE,1603219199
434,nishihara,26.18,127.76,80.6,74,75,12.75,JP,1603218905
435,bacungan,9.91,118.7,78.8,88,40,6.93,PH,1603219200
436,raudeberg,61.99,5.14,44.6,87,75,17.22,NO,1603219200
437,cap malheureux,49.27,-1.21,60.01,87,100,11.41,FR,1603219190
438,samana,19.21,-69.34,87.8,74,75,6.93,DO,1603219201
439,rundu,-17.93,19.77,79.97,16,0,4.9,NA,1603219201
440,chimoio,-19.12,33.48,72.64,78,0,6.62,MZ,1603219201
441,bulgan,48.81,103.53,24.76,86,75,3.38,MN,1603219202
442,nelson bay,-41.28,173.28,50.0,88,57,1.01,NZ,1603219189
443,inuvik,68.35,-133.72,23.0,92,90,10.29,CA,1603219001
444,bose,45.46,8.01,54.0,90,100,1.01,IT,1603219203
445,zalantun,48.0,122.72,44.98,57,100,2.66,CN,1603219203
446,adrar,20.5,-10.07,90.09,13,0,7.23,MR,1603219203
447,san angelo,13.3,-4.9,89.28,24,0,3.04,ML,1603219141
448,davila,18.47,120.58,80.6,88,90,20.8,PH,1603219204
449,moctezuma,29.8,-109.67,90.55,13,0,5.06,MX,1603219204
450,alakurtti,66.97,30.35,28.49,97,59,3.69,RU,1603219205
451,carnarvon,-24.87,113.63,68.0,77,40,19.46,AU,1603219205
452,payyannur,12.1,75.2,77.0,94,75,2.24,IN,1603219206
453,anito,12.45,125.29,77.97,88,100,5.48,PH,1603219206
454,meadow lake,45.53,-102.22,42.8,81,89,23.04,US,1603219206
455,lebu,-37.62,-73.65,53.8,63,0,19.82,CL,1603218964
456,jacona,35.89,-106.04,72.0,16,0,4.0,US,1603219206
457,petrozavodsk,61.78,34.35,28.4,100,64,4.47,RU,1603219118
458,joshimath,30.57,79.57,51.53,43,0,2.86,IN,1603219207
459,susanville,40.42,-120.65,66.2,24,1,3.36,US,1603219207
460,lodingen,68.41,16.0,36.0,80,44,16.11,NO,1603219207
461,mazyr,52.05,29.25,40.55,86,98,4.0,BY,1603219208
462,kozhva,65.11,57.05,26.15,98,99,3.47,RU,1603219208
463,dunedin,-45.87,170.5,48.0,85,100,5.68,NZ,1603218725
464,vitorino freire,-26.27,-52.78,86.0,48,16,7.56,BR,1603219208
465,imbituba,-28.24,-48.67,82.4,65,0,13.87,BR,1603219198
466,angoram,-4.06,144.07,73.06,93,100,1.32,PG,1603219209
467,pochutla,15.74,-96.47,90.0,59,40,11.41,MX,1603219209
468,gonen,40.1,27.65,64.99,68,75,21.92,TR,1603219131
469,olafsvik,64.89,-23.71,41.7,90,100,15.37,IS,1603219209
470,ostrovnoy,68.05,39.51,38.34,77,100,16.69,RU,1603219210
471,chifeng,42.27,118.96,43.7,51,1,9.26,CN,1603218879
472,gasa,31.5,34.47,79.0,100,0,9.06,PS,1603219210
473,tezu,27.92,96.17,69.15,82,7,3.89,IN,1603219080
474,ayagoz,47.97,80.44,39.81,57,0,8.08,KZ,1603219211
475,bardiyah,31.76,25.09,72.61,72,100,7.83,LY,1603219211
476,sinnamary,5.38,-52.95,85.21,64,100,14.41,GF,1603219212
477,poum,-20.23,164.02,73.89,71,0,5.48,NC,1603219212
478,montes claros,50.45,3.95,57.2,93,100,11.41,BE,1603218921
479,vestmanna,62.16,-7.17,37.4,86,22,2.24,FO,1603219212
480,yabrud,33.97,36.66,66.2,22,0,6.93,SY,1603219213
481,kovdor,67.57,30.48,30.04,99,97,3.18,RU,1603219213
482,itarema,-2.92,-39.92,83.12,64,42,20.87,BR,1603218753
483,ketchikan,55.34,-131.65,42.8,100,40,3.36,US,1603218923
484,salisbury,51.07,-1.8,60.01,87,100,16.11,GB,1603219169
485,misratah,32.38,15.09,72.01,56,0,9.26,LY,1603219214
486,kismayo,-0.36,42.55,79.5,78,0,15.59,SO,1603219214
487,nehe,48.48,124.83,49.57,58,100,10.87,CN,1603219214
488,kanigoro,-8.13,112.22,75.42,90,72,3.29,ID,1603219215
489,alta gracia,69.97,23.27,30.2,100,90,3.36,NO,1603219016
490,chimbote,-9.09,-78.58,69.01,67,39,10.85,PE,1603219167
491,bolu,40.67,31.58,51.17,83,94,2.37,TR,1603219215
492,acarau,-2.89,-40.12,83.75,63,28,22.3,BR,1603219215
493,ayacucho,-13.16,-74.22,75.2,23,40,6.93,PE,1603219210
494,nemuro,43.32,145.57,50.04,69,31,1.25,JP,1603218882
495,katherine,-14.47,132.27,82.4,61,0,4.7,AU,1603219216
496,halifax,44.65,-63.57,66.0,93,75,9.17,CA,1603219000
497,petropavlovsk-kamchatskiy,53.05,158.65,26.6,79,0,11.18,RU,1603219150
498,mumford,5.26,-0.76,78.85,84,100,13.58,GH,1603219217
499,uslar,51.66,9.63,52.0,88,100,8.72,DE,1603219217
500,roma,43.21,-75.46,53.6,87,90,6.93,US,1603219170
501,tostedt,53.28,9.72,52.0,87,40,9.17,DE,1603219217
502,dori,14.04,-0.03,94.71,20,12,4.56,BF,1603219217
503,conde,-7.26,-34.91,84.2,58,40,13.87,BR,1603219218
504,college,64.86,-147.8,15.8,78,90,0.78,US,1603219218
505,sept-iles,50.2,-66.38,43.0,100,90,10.29,CA,1603219218
506,beihai,21.48,109.1,66.34,75,7,26.49,CN,1603219218
507,virginia beach,37.55,-77.45,79.0,60,20,3.36,US,1603219219
508,metlaltoyuca,20.73,-97.85,86.0,66,40,4.7,MX,1603219219
509,nauen,52.61,12.87,51.01,10,100,7.87,DE,1603219219
510,sakakah,29.97,40.21,75.2,12,0,5.82,SA,1603219211
511,deputatskiy,69.3,139.9,9.43,97,100,2.64,RU,1603219211
512,diourbel,14.66,-16.39,96.8,34,29,6.93,SN,1603219220
513,dali,25.7,100.18,56.82,90,99,5.17,CN,1603219220
514,port-gentil,-0.72,8.78,77.0,94,75,11.41,GA,1603219220
515,shache,38.42,77.24,40.96,66,0,0.96,CN,1603219220
516,tabuk,17.42,121.44,74.5,93,100,6.58,PH,1603219220
517,sakaiminato,35.55,133.23,51.8,100,20,3.36,JP,1603219147
518,marystown,47.17,-55.15,61.0,100,100,7.0,CA,1603219221
519,ornskoldsvik,63.29,18.72,32.0,95,90,5.82,SE,1603219221
520,baberu,25.55,80.72,76.17,25,38,3.11,IN,1603219221
521,touros,-5.2,-35.46,86.0,58,40,14.99,BR,1603219222
522,grindavik,63.84,-22.43,37.4,71,75,3.36,IS,1603219222
523,guerrero,17.67,-100.0,78.96,63,99,3.4,MX,1603219120
524,araouane,18.9,-3.53,91.26,12,0,6.55,ML,1603219222
525,salaga,8.55,-0.52,79.21,75,97,4.34,GH,1603219223
526,gorontalo,0.54,123.06,74.32,82,100,1.97,ID,1603218934
527,natitingou,10.3,1.38,73.4,78,20,3.36,BJ,1603219223
528,khilok,51.37,110.47,19.83,90,0,8.12,RU,1603219223
529,libourne,44.92,-0.25,62.01,79,100,4.0,FR,1603219223
530,fort nelson,52.65,6.39,55.0,90,100,12.82,NL,1603219140
531,kabare,-2.47,28.82,60.57,84,55,1.54,CD,1603219224
532,maarianhamina,60.1,19.93,42.8,87,90,10.29,AX,1603219224
533,arlit,18.74,7.39,93.33,10,0,3.24,NE,1603219225
534,portland,45.52,-122.68,60.01,76,75,5.82,US,1603218510
535,kathu,7.92,98.33,84.99,94,20,4.65,TH,1603218906
536,sitka,57.05,-135.33,42.8,81,90,3.36,US,1603219105
537,torata,-17.08,-70.84,68.18,27,41,11.43,PE,1603219225
538,hovd,48.01,91.64,29.08,82,40,1.48,MN,1603219226
539,linxia,35.6,103.21,41.29,63,0,2.24,CN,1603218872
540,twin falls,48.16,-123.95,54.0,54,1,4.7,US,1603219226
541,yola,9.2,12.48,83.37,42,0,3.04,NG,1603219226
542,nanchang,28.68,115.88,60.44,82,100,10.96,CN,1603219227
543,pocone,-16.26,-56.62,95.2,38,50,4.47,BR,1603219227
544,llanes,43.42,-4.75,68.0,77,100,18.01,ES,1603219227
545,ajdabiya,30.76,20.23,70.56,61,0,14.54,LY,1603218791
546,chalus,36.66,51.42,68.0,94,90,4.7,IR,1603219228
547,kalvarija,54.4,23.23,43.93,80,100,11.18,LT,1603219228
548,north bend,50.33,3.67,57.0,95,100,3.0,FR,1603219228
549,odda,60.07,6.55,46.0,90,100,1.99,NO,1603219228
550,meulaboh,4.14,96.13,77.52,84,43,3.83,ID,1603218794
551,padang,-0.95,100.35,78.71,75,58,5.06,ID,1603219229
552,moron,-34.65,-58.62,64.4,45,100,17.22,AR,1603219031
553,longonjo,-12.91,15.25,73.27,49,73,4.43,AO,1603219229
554,san felipe,13.3,-4.9,89.28,24,0,3.04,ML,1603219114
